batch_size;model_depth;load_cvit_time;load_cpic_time;foreward_time[];store_cprd_time
16;8;0.033755;0.000330776;0.121023;0.000822062;0.876626;1.30187;0.876499;1.30085;0.876662;1.29983;0.873853;1.29786;0.876125;1.30069;0.874633;1.29898;0.876084;1.29905;0.876743;1.29793;0.0021938;0.00245229;0.00229843
