batch_size;model_depth;load_cvit_time;load_cpic_time;foreward_time[];store_cprd_time
16;8;0.0392654;0.000344306;0.12108;0.000840188;1.04725;1.54892;1.04632;1.54694;1.0451;1.5471;1.04518;1.54698;1.04511;1.54761;1.04491;1.54684;1.15346;1.54675;1.0455;1.54669;0.00237136;0.00296137;0.000845119
