batch_size;model_depth;load_cvit_time;load_cpic_time;foreward_time[];store_cprd_time
16;8;0.13036;0.0394366;0.121161;0.000802228;1.00474;1.49221;1.00297;1.48614;1.002;1.48712;1.00128;1.48461;1.00137;1.48781;1.00215;1.48817;1.00306;1.48476;1.00172;1.48538;0.00226463;0.0028336;0.00122456
