batch_size;model_depth;load_cvit_time;load_cpic_time;foreward_time[];store_cprd_time
16;8;0.0338043;0.000332795;0.121224;0.000806147;1.00732;1.49002;1.00543;1.48906;1.00506;1.48844;1.00453;1.48734;1.00463;1.48892;1.00429;1.48874;1.00466;1.48732;1.00388;1.48917;0.00221095;0.00287432;0.00110921
