batch_size;model_depth;load_cvit_time;load_cpic_time;foreward_time[];store_cprd_time
16;8;0.0376957;0.000401755;0.0124415;0.000129646;0.0733378;0.107726;0.0730556;0.107536;0.0728674;0.107486;0.0728859;0.107482;0.0728999;0.107496;0.0728749;0.109666;0.0728759;0.107486;0.0728831;0.107463;0.000281095;0.000221805;0.00113649
